{"cameraMode":{"drawMode":0,"name":"Shaded","section":"Shading Mode"},"sceneLighting":true,"audioPlay":false,"sceneViewState":{"m_AlwaysRefresh":false,"showFog":true,"showSkybox":true,"showFlares":true,"showImageEffects":true,"showParticleSystems":true,"showVisualEffectGraphs":true,"m_FxEnabled":true},"in2DMode":false,"pivot":{"x":424.7605895996094,"y":236.779052734375,"z":89.46175384521485},"rotation":{"x":-0.11108013242483139,"y":0.0020838433410972358,"z":-0.00023556759697385132,"w":-0.9938165545463562},"size":0.43039193749427798,"orthographic":false}